#elements,mutex_priority_queue,boost::concurrent_priority_queue,lock_free_tbb::concurrent_priority_queue
1,861697918.000000,50509370.000000,1086524.000000
2,1541789253.000000,91958232.000000,1282097.000000
4,2023262308.000000,98357738.000000,1376044.000000
